{"cameraMode":{"drawMode":0,"name":"Shaded","section":"Shading Mode"},"sceneLighting":true,"audioPlay":false,"sceneViewState":{"showFog":false,"showMaterialUpdate":false,"showSkybox":true,"showFlares":true,"showImageEffects":true,"showParticleSystems":true},"in2DMode":false,"pivot":{"x":-39.632720947265628,"y":0.1204993724822998,"z":0.5922980308532715},"rotation":{"x":0.16436392068862916,"y":0.18115930259227754,"z":-0.03072415664792061,"w":0.9691342711448669},"size":8.251964569091797,"orthographic":false}