{"cameraMode":{"drawMode":0,"name":"Shaded","section":"Shading Mode"},"sceneLighting":false,"audioPlay":false,"sceneViewState":{"showFog":false,"showMaterialUpdate":false,"showSkybox":false,"showFlares":true,"showImageEffects":true,"showParticleSystems":true},"in2DMode":false,"pivot":{"x":-21.185251235961915,"y":0.4602813124656677,"z":3.605504274368286},"rotation":{"x":-0.07702458649873734,"y":-0.2822509706020355,"z":0.022741088643670083,"w":-0.9559736847877502},"size":2.704326629638672,"orthographic":false}