{"cameraMode":{"drawMode":0,"name":"Shaded","section":"Shading Mode"},"sceneLighting":true,"audioPlay":false,"sceneViewState":{"showFog":false,"showMaterialUpdate":false,"showSkybox":true,"showFlares":true,"showImageEffects":true,"showParticleSystems":true},"in2DMode":false,"pivot":{"x":-23.030412673950197,"y":2.001523017883301,"z":4.744965553283691},"rotation":{"x":0.28083425760269167,"y":0.39816543459892275,"z":-0.12947703897953034,"w":0.8636171817779541},"size":3.383580446243286,"orthographic":false}