{"cameraMode":{"drawMode":0,"name":"Shaded","section":"Shading Mode"},"sceneLighting":true,"audioPlay":false,"sceneViewState":{"showFog":false,"showMaterialUpdate":false,"showSkybox":true,"showFlares":true,"showImageEffects":true,"showParticleSystems":true},"in2DMode":false,"pivot":{"x":-18.76263427734375,"y":1.2638206481933594,"z":9.681114196777344},"rotation":{"x":0.4289173483848572,"y":0.10260606557130814,"z":-0.04910958558320999,"w":0.8961536288261414},"size":12.773045539855957,"orthographic":false}