{"cameraMode":{"drawMode":0,"name":"Shaded","section":"Shading Mode"},"sceneLighting":true,"audioPlay":false,"sceneViewState":{"showFog":false,"showMaterialUpdate":false,"showSkybox":true,"showFlares":true,"showImageEffects":true,"showParticleSystems":true},"in2DMode":false,"pivot":{"x":-23.660524368286134,"y":4.403429985046387,"z":38.023868560791019},"rotation":{"x":0.10742081701755524,"y":-0.8759896755218506,"z":0.2291886806488037,"w":0.4105772078037262},"size":8.777206420898438,"orthographic":false}