{"cameraMode":{"drawMode":0,"name":"Shaded","section":"Shading Mode"},"sceneLighting":true,"audioPlay":false,"sceneViewState":{"showFog":false,"showMaterialUpdate":false,"showSkybox":true,"showFlares":true,"showImageEffects":true,"showParticleSystems":true},"in2DMode":false,"pivot":{"x":-18.957656860351564,"y":-0.6429975032806397,"z":5.243109703063965},"rotation":{"x":-0.1825595200061798,"y":-0.5499436259269714,"z":0.1246524378657341,"w":-0.8054170608520508},"size":8.130635261535645,"orthographic":false}