{"cameraMode":{"drawMode":0,"name":"Shaded","section":"Shading Mode"},"sceneLighting":true,"audioPlay":false,"sceneViewState":{"showFog":false,"showMaterialUpdate":false,"showSkybox":true,"showFlares":true,"showImageEffects":true,"showParticleSystems":true},"in2DMode":false,"pivot":{"x":-43.73732376098633,"y":2.0590782165527345,"z":-6.728349685668945},"rotation":{"x":0.29220402240753176,"y":0.4576258957386017,"z":-0.16229623556137086,"w":0.8239270448684692},"size":23.240074157714845,"orthographic":false}