{"cameraMode":{"drawMode":0,"name":"Shaded","section":"Shading Mode"},"sceneLighting":true,"audioPlay":false,"sceneViewState":{"showFog":false,"showMaterialUpdate":false,"showSkybox":true,"showFlares":true,"showImageEffects":true,"showParticleSystems":true},"in2DMode":false,"pivot":{"x":-21.0822696685791,"y":-0.5120031833648682,"z":7.520684719085693},"rotation":{"x":-0.21234357357025147,"y":-0.2914556562900543,"z":0.06652217358350754,"w":-0.9303436875343323},"size":5.519265174865723,"orthographic":false}