{"cameraMode":{"drawMode":0,"name":"Shaded","section":"Shading Mode"},"sceneLighting":true,"audioPlay":false,"sceneViewState":{"showFog":false,"showMaterialUpdate":false,"showSkybox":true,"showFlares":true,"showImageEffects":true,"showParticleSystems":true},"in2DMode":false,"pivot":{"x":586.1338500976563,"y":226.41346740722657,"z":96.0115966796875},"rotation":{"x":0.129474937915802,"y":0.029743101447820665,"z":-0.0038858421612530948,"w":0.9911291599273682},"size":812.7528076171875,"orthographic":false}