{"cameraMode":{"drawMode":0,"name":"Shaded","section":"Shading Mode"},"sceneLighting":false,"audioPlay":false,"sceneViewState":{"showFog":false,"showMaterialUpdate":false,"showSkybox":false,"showFlares":true,"showImageEffects":true,"showParticleSystems":true},"in2DMode":false,"pivot":{"x":-0.11298348754644394,"y":1.2562443017959595,"z":0.00047906232066452503},"rotation":{"x":0.12947538495063783,"y":0.1201612576842308,"z":-0.0158084724098444,"w":0.9841483235359192},"size":2.6120548248291017,"orthographic":false}