{"cameraMode":{"drawMode":0,"name":"Shaded","section":"Shading Mode"},"sceneLighting":true,"audioPlay":false,"sceneViewState":{"showFog":false,"showMaterialUpdate":false,"showSkybox":true,"showFlares":true,"showImageEffects":true,"showParticleSystems":true},"in2DMode":false,"pivot":{"x":-35.883323669433597,"y":-21.045093536376954,"z":-136.84417724609376},"rotation":{"x":0.23974721133708955,"y":0.43704620003700259,"z":-0.1220855638384819,"w":0.858258068561554},"size":103.32868194580078,"orthographic":false}