{"cameraMode":{"drawMode":0,"name":"Shaded","section":"Shading Mode"},"sceneLighting":false,"audioPlay":false,"sceneViewState":{"showFog":false,"showMaterialUpdate":false,"showSkybox":false,"showFlares":true,"showImageEffects":true,"showParticleSystems":true},"in2DMode":false,"pivot":{"x":-23.035940170288087,"y":0.8920910358428955,"z":8.292915344238282},"rotation":{"x":0.12670332193374635,"y":0.08351311832666397,"z":-0.01070571132004261,"w":0.9883602261543274},"size":9.494338035583496,"orthographic":false}