{"cameraMode":{"drawMode":0,"name":"Shaded","section":"Shading Mode"},"sceneLighting":true,"audioPlay":false,"sceneViewState":{"showFog":false,"showMaterialUpdate":false,"showSkybox":true,"showFlares":true,"showImageEffects":true,"showParticleSystems":true},"in2DMode":false,"pivot":{"x":-70.03752899169922,"y":36.705474853515628,"z":-44.537193298339847},"rotation":{"x":0.10561070591211319,"y":0.6618021130561829,"z":-0.09495017677545548,"w":0.7361029982566834},"size":9.555459976196289,"orthographic":false}