{"cameraMode":{"drawMode":0,"name":"Shaded","section":"Shading Mode"},"sceneLighting":false,"audioPlay":false,"sceneViewState":{"showFog":false,"showMaterialUpdate":false,"showSkybox":false,"showFlares":true,"showImageEffects":true,"showParticleSystems":true},"in2DMode":false,"pivot":{"x":-40.84013366699219,"y":1.3773937225341797,"z":-0.6706831455230713},"rotation":{"x":0.5336377024650574,"y":0.414523184299469,"z":-0.33754509687423708,"w":0.6553353071212769},"size":9.78243637084961,"orthographic":false}