{"cameraMode":{"drawMode":0,"name":"Shaded","section":"Shading Mode"},"sceneLighting":true,"audioPlay":false,"sceneViewState":{"showFog":false,"showMaterialUpdate":false,"showSkybox":true,"showFlares":true,"showImageEffects":true,"showParticleSystems":true},"in2DMode":false,"pivot":{"x":-29.78472900390625,"y":0.3386955261230469,"z":0.42325258255004885},"rotation":{"x":0.29304274916648867,"y":0.26364898681640627,"z":-0.08442439138889313,"w":0.9151437878608704},"size":10.539656639099121,"orthographic":false}