{"cameraMode":{"drawMode":0,"name":"Shaded","section":"Shading Mode"},"sceneLighting":false,"audioPlay":false,"sceneViewState":{"showFog":false,"showMaterialUpdate":false,"showSkybox":false,"showFlares":true,"showImageEffects":true,"showParticleSystems":true},"in2DMode":false,"pivot":{"x":0.00016498565673828125,"y":0.5662251710891724,"z":-0.0057170093059539799},"rotation":{"x":-0.1825595200061798,"y":-0.5499436259269714,"z":0.1246524378657341,"w":-0.8054170608520508},"size":2.8168559074401857,"orthographic":false}