{"cameraMode":{"drawMode":0,"name":"Shaded","section":"Shading Mode"},"sceneLighting":false,"audioPlay":false,"sceneViewState":{"showFog":false,"showMaterialUpdate":false,"showSkybox":false,"showFlares":true,"showImageEffects":true,"showParticleSystems":true},"in2DMode":false,"pivot":{"x":-41.59703826904297,"y":2.0126423835754396,"z":-1.8173538446426392},"rotation":{"x":0.29304274916648867,"y":0.26364898681640627,"z":-0.08442439138889313,"w":0.9151437878608704},"size":12.22804069519043,"orthographic":false}