{"cameraMode":{"drawMode":0,"name":"Shaded","section":"Shading Mode"},"sceneLighting":false,"audioPlay":false,"sceneViewState":{"showFog":false,"showMaterialUpdate":false,"showSkybox":false,"showFlares":true,"showImageEffects":true,"showParticleSystems":true},"in2DMode":false,"pivot":{"x":-39.072811126708987,"y":0.7350012063980103,"z":2.0859012603759767},"rotation":{"x":0.1266530603170395,"y":-0.18631282448768617,"z":0.024227067828178407,"w":0.9739916920661926},"size":5.8337883949279789,"orthographic":false}