{"cameraMode":{"drawMode":0,"name":"Shaded","section":"Shading Mode"},"sceneLighting":false,"audioPlay":false,"sceneViewState":{"showFog":false,"showMaterialUpdate":false,"showSkybox":false,"showFlares":true,"showImageEffects":true,"showParticleSystems":true},"in2DMode":false,"pivot":{"x":-23.027084350585939,"y":0.8920910358428955,"z":8.515938758850098},"rotation":{"x":0.3007596433162689,"y":0.27644774317741396,"z":-0.09155361354351044,"w":0.9081511497497559},"size":9.49433708190918,"orthographic":false}