{"cameraMode":{"drawMode":0,"name":"Shaded","section":"Shading Mode"},"sceneLighting":true,"audioPlay":false,"sceneViewState":{"showFog":false,"showMaterialUpdate":false,"showSkybox":true,"showFlares":true,"showImageEffects":true,"showParticleSystems":true},"in2DMode":false,"pivot":{"x":-26.924152374267579,"y":2.894437313079834,"z":4.380087852478027},"rotation":{"x":-0.039714667946100238,"y":0.2563805878162384,"z":0.010543746873736382,"w":0.9657022953033447},"size":5.942049026489258,"orthographic":false}