{"cameraMode":{"drawMode":0,"name":"Shaded","section":"Shading Mode"},"sceneLighting":true,"audioPlay":false,"sceneViewState":{"showFog":false,"showMaterialUpdate":false,"showSkybox":true,"showFlares":true,"showImageEffects":true,"showParticleSystems":true},"in2DMode":false,"pivot":{"x":-22.81982421875,"y":-7.653537273406982,"z":16.25135612487793},"rotation":{"x":0.28083425760269167,"y":0.39816543459892275,"z":-0.12947703897953034,"w":0.8636171817779541},"size":23.86775016784668,"orthographic":false}