{"cameraMode":{"drawMode":0,"name":"Shaded","section":"Shading Mode"},"sceneLighting":false,"audioPlay":false,"sceneViewState":{"showFog":false,"showMaterialUpdate":false,"showSkybox":false,"showFlares":true,"showImageEffects":true,"showParticleSystems":true},"in2DMode":false,"pivot":{"x":-22.10051727294922,"y":0.522854745388031,"z":3.2179558277130129},"rotation":{"x":0.28083425760269167,"y":0.39816543459892275,"z":-0.12947703897953034,"w":0.8636171817779541},"size":10.191413879394532,"orthographic":false}