{"cameraMode":{"drawMode":0,"name":"Shaded","section":"Shading Mode"},"sceneLighting":true,"audioPlay":false,"sceneViewState":{"showFog":false,"showMaterialUpdate":false,"showSkybox":true,"showFlares":true,"showImageEffects":true,"showParticleSystems":true},"in2DMode":false,"pivot":{"x":-23.221473693847658,"y":-12.368597030639649,"z":13.953897476196289},"rotation":{"x":0.18910135328769685,"y":0.3548331558704376,"z":-0.07352125644683838,"w":0.9126474857330322},"size":38.2874870300293,"orthographic":false}